{
  "P -001 Valid Login" : {
    "transaction" : "P -001 Valid Login",
    "sampleCount" : 104,
    "errorCount" : 0,
    "errorPct" : 0.0,
    "meanResTime" : 423.0961538461539,
    "medianResTime" : 387.0,
    "minResTime" : 307.0,
    "maxResTime" : 1000.0,
    "pct1ResTime" : 495.5,
    "pct2ResTime" : 892.75,
    "pct3ResTime" : 998.0000000000001,
    "throughput" : 0.3633238543071344,
    "receivedKBytesPerSec" : 0.3768065754630633,
    "sentKBytesPerSec" : 0.09295981428561448
  },
  "P -004 GET Voice History" : {
    "transaction" : "P -004 GET Voice History",
    "sampleCount" : 98,
    "errorCount" : 0,
    "errorPct" : 0.0,
    "meanResTime" : 177.5816326530612,
    "medianResTime" : 135.0,
    "minResTime" : 118.0,
    "maxResTime" : 774.0,
    "pct1ResTime" : 234.40000000000003,
    "pct2ResTime" : 662.8999999999999,
    "pct3ResTime" : 774.0,
    "throughput" : 0.36480726636514227,
    "receivedKBytesPerSec" : 0.0691138766355836,
    "sentKBytesPerSec" : 0.3224126719340369
  },
  "Total" : {
    "transaction" : "Total",
    "sampleCount" : 407,
    "errorCount" : 0,
    "errorPct" : 0.0,
    "meanResTime" : 299.59213759213765,
    "medianResTime" : 237.0,
    "minResTime" : 118.0,
    "maxResTime" : 7879.0,
    "pct1ResTime" : 474.4,
    "pct2ResTime" : 655.3999999999995,
    "pct3ResTime" : 943.76,
    "throughput" : 1.3970795202559367,
    "receivedKBytesPerSec" : 3.435557615370621,
    "sentKBytesPerSec" : 1.0309314360484274
  },
  "P-002 POST Sign Save" : {
    "transaction" : "P-002 POST Sign Save",
    "sampleCount" : 103,
    "errorCount" : 0,
    "errorPct" : 0.0,
    "meanResTime" : 414.9514563106798,
    "medianResTime" : 309.0,
    "minResTime" : 147.0,
    "maxResTime" : 7879.0,
    "pct1ResTime" : 561.0000000000002,
    "pct2ResTime" : 772.5999999999997,
    "pct3ResTime" : 7600.399999999957,
    "throughput" : 0.3633195413002607,
    "receivedKBytesPerSec" : 0.1340712214326783,
    "sentKBytesPerSec" : 0.34238609116674956
  },
  "P-003 GET Sign History" : {
    "transaction" : "P-003 GET Sign History",
    "sampleCount" : 102,
    "errorCount" : 0,
    "errorPct" : 0.0,
    "meanResTime" : 174.4019607843138,
    "medianResTime" : 141.0,
    "minResTime" : 119.0,
    "maxResTime" : 864.0,
    "pct1ResTime" : 240.8,
    "pct2ResTime" : 328.3499999999999,
    "pct3ResTime" : 859.9499999999998,
    "throughput" : 0.36307847834521645,
    "receivedKBytesPerSec" : 2.977310960031111,
    "sentKBytesPerSec" : 0.32053021916413643
  }
}