{
  "P -001 Post Valid Register" : {
    "transaction" : "P -001 Post Valid Register",
    "sampleCount" : 50,
    "errorCount" : 23,
    "errorPct" : 46.0,
    "meanResTime" : 5240.1,
    "medianResTime" : 3983.5,
    "minResTime" : 1038.0,
    "maxResTime" : 11956.0,
    "pct1ResTime" : 10488.8,
    "pct2ResTime" : 11523.3,
    "pct3ResTime" : 11956.0,
    "throughput" : 2.954384306310565,
    "receivedKBytesPerSec" : 1.2106051317655402,
    "sentKBytesPerSec" : 1.0011439006735996
  },
  "P -003 Valid Login" : {
    "transaction" : "P -003 Valid Login",
    "sampleCount" : 50,
    "errorCount" : 0,
    "errorPct" : 0.0,
    "meanResTime" : 1540.3400000000001,
    "medianResTime" : 1690.5,
    "minResTime" : 403.0,
    "maxResTime" : 2797.0,
    "pct1ResTime" : 2299.2,
    "pct2ResTime" : 2579.7999999999997,
    "pct3ResTime" : 2797.0,
    "throughput" : 3.204922761361451,
    "receivedKBytesPerSec" : 3.3301150567271325,
    "sentKBytesPerSec" : 0.8356585715659253
  },
  "Total" : {
    "transaction" : "Total",
    "sampleCount" : 350,
    "errorCount" : 24,
    "errorPct" : 6.857143,
    "meanResTime" : 13395.51142857143,
    "medianResTime" : 1740.0,
    "minResTime" : 128.0,
    "maxResTime" : 101852.0,
    "pct1ResTime" : 81249.50000000004,
    "pct2ResTime" : 91390.09999999999,
    "pct3ResTime" : 98439.6,
    "throughput" : 2.6835140232775676,
    "receivedKBytesPerSec" : 1.572977984163434,
    "sentKBytesPerSec" : 64.88248724372441
  },
  "P -007 GET Voice History" : {
    "transaction" : "P -007 GET Voice History",
    "sampleCount" : 50,
    "errorCount" : 0,
    "errorPct" : 0.0,
    "meanResTime" : 1253.9400000000005,
    "medianResTime" : 1324.5,
    "minResTime" : 225.0,
    "maxResTime" : 3511.0,
    "pct1ResTime" : 2202.7,
    "pct2ResTime" : 3251.599999999998,
    "pct3ResTime" : 3511.0,
    "throughput" : 0.4679763765525116,
    "receivedKBytesPerSec" : 0.18644105720543228,
    "sentKBytesPerSec" : 0.41404941128571826
  },
  "P-004 POST Sign Save" : {
    "transaction" : "P-004 POST Sign Save",
    "sampleCount" : 50,
    "errorCount" : 0,
    "errorPct" : 0.0,
    "meanResTime" : 1580.9399999999998,
    "medianResTime" : 1598.5,
    "minResTime" : 251.0,
    "maxResTime" : 3326.0,
    "pct1ResTime" : 2459.1,
    "pct2ResTime" : 2590.0499999999997,
    "pct3ResTime" : 3326.0,
    "throughput" : 2.8200789622109417,
    "receivedKBytesPerSec" : 1.0793411590524535,
    "sentKBytesPerSec" : 2.665855893965031
  },
  "P-005 GET Sign History" : {
    "transaction" : "P-005 GET Sign History",
    "sampleCount" : 50,
    "errorCount" : 0,
    "errorPct" : 0.0,
    "meanResTime" : 1547.62,
    "medianResTime" : 1550.5,
    "minResTime" : 128.0,
    "maxResTime" : 3150.0,
    "pct1ResTime" : 2413.8999999999996,
    "pct2ResTime" : 2695.499999999999,
    "pct3ResTime" : 3150.0,
    "throughput" : 2.676516246453616,
    "receivedKBytesPerSec" : 0.9407536400620952,
    "sentKBytesPerSec" : 2.36547578421926
  },
  "P -006 Post Voice transcribe" : {
    "transaction" : "P -006 Post Voice transcribe",
    "sampleCount" : 50,
    "errorCount" : 1,
    "errorPct" : 2.0,
    "meanResTime" : 81328.32,
    "medianResTime" : 86443.0,
    "minResTime" : 11916.0,
    "maxResTime" : 101852.0,
    "pct1ResTime" : 98259.5,
    "pct2ResTime" : 98998.5,
    "pct3ResTime" : 101852.0,
    "throughput" : 0.4364563238156758,
    "receivedKBytesPerSec" : 0.19573190724866663,
    "sentKBytesPerSec" : 72.30947522128336
  },
  "P -002 confirm-email-fixed-otp" : {
    "transaction" : "P -002 confirm-email-fixed-otp",
    "sampleCount" : 50,
    "errorCount" : 0,
    "errorPct" : 0.0,
    "meanResTime" : 1277.3200000000002,
    "medianResTime" : 1433.0,
    "minResTime" : 140.0,
    "maxResTime" : 3428.0,
    "pct1ResTime" : 2029.2,
    "pct2ResTime" : 2594.0499999999984,
    "pct3ResTime" : 3428.0,
    "throughput" : 3.547608911593586,
    "receivedKBytesPerSec" : 3.8074435486731946,
    "sentKBytesPerSec" : 0.9215468461756776
  }
}