{
  "P -001 Valid Login" : {
    "transaction" : "P -001 Valid Login",
    "sampleCount" : 272,
    "errorCount" : 0,
    "errorPct" : 0.0,
    "meanResTime" : 893.7977941176465,
    "medianResTime" : 515.5,
    "minResTime" : 415.0,
    "maxResTime" : 5514.0,
    "pct1ResTime" : 1925.8000000000004,
    "pct2ResTime" : 3966.3499999999954,
    "pct3ResTime" : 5423.15,
    "throughput" : 1.9341396989284014,
    "receivedKBytesPerSec" : 1.9832487147215052,
    "sentKBytesPerSec" : 0.4948677745305089
  },
  "Total" : {
    "transaction" : "Total",
    "sampleCount" : 886,
    "errorCount" : 0,
    "errorPct" : 0.0,
    "meanResTime" : 1580.867945823929,
    "medianResTime" : 530.0,
    "minResTime" : 137.0,
    "maxResTime" : 12560.0,
    "pct1ResTime" : 4217.800000000003,
    "pct2ResTime" : 5440.15,
    "pct3ResTime" : 10155.05,
    "throughput" : 6.16515089311187,
    "receivedKBytesPerSec" : 320.9923243849635,
    "sentKBytesPerSec" : 4.3336893357154285
  },
  "P -005 GET Voice History" : {
    "transaction" : "P -005 GET Voice History",
    "sampleCount" : 148,
    "errorCount" : 0,
    "errorPct" : 0.0,
    "meanResTime" : 2324.243243243242,
    "medianResTime" : 2542.0,
    "minResTime" : 137.0,
    "maxResTime" : 6936.0,
    "pct1ResTime" : 4088.2,
    "pct2ResTime" : 4696.699999999997,
    "pct3ResTime" : 6581.729999999993,
    "throughput" : 1.2744996727635975,
    "receivedKBytesPerSec" : 43.43629304665702,
    "sentKBytesPerSec" : 1.1176764708415143
  },
  "P-002 POST Sign Save" : {
    "transaction" : "P-002 POST Sign Save",
    "sampleCount" : 236,
    "errorCount" : 0,
    "errorPct" : 0.0,
    "meanResTime" : 338.7457627118644,
    "medianResTime" : 193.0,
    "minResTime" : 142.0,
    "maxResTime" : 3621.0,
    "pct1ResTime" : 487.0000000000001,
    "pct2ResTime" : 1015.7999999999925,
    "pct3ResTime" : 2922.359999999996,
    "throughput" : 1.714393642214764,
    "receivedKBytesPerSec" : 0.6508075606757326,
    "sentKBytesPerSec" : 1.6122666772000176
  },
  "P-003 GET Sign History" : {
    "transaction" : "P-003 GET Sign History",
    "sampleCount" : 230,
    "errorCount" : 0,
    "errorPct" : 0.0,
    "meanResTime" : 3189.5826086956513,
    "medianResTime" : 2944.5,
    "minResTime" : 442.0,
    "maxResTime" : 12560.0,
    "pct1ResTime" : 6980.600000000001,
    "pct2ResTime" : 8779.9,
    "pct3ResTime" : 12035.009999999997,
    "throughput" : 1.7102787754403967,
    "receivedKBytesPerSec" : 302.77612985291603,
    "sentKBytesPerSec" : 1.4981641226269882
  }
}